Round,Accuracy
0,0.06963788300835655
1,0.3299442896935933
