Round,Accuracy
0,0.12465181058495822
1,0.5182451253481895
